{
  "metadata": {
    "timestamp": "20251209_112412",
    "total_duration_seconds": 341.76,
    "sample_size_per_dataset": 3,
    "datasets": [
      "hotpotqa"
    ],
    "track": "A"
  },
  "services": {
    "qdrant": true,
    "ollama": true,
    "neo4j": true
  },
  "ingestion": {},
  "evaluation": {
    "hotpotqa": {
      "namespace": "eval_hotpotqa",
      "sample_count": 3,
      "duration_seconds": 340.68572324403794,
      "metrics": {
        "context_precision": 0.16666666665,
        "context_recall": 0.6666666666666666,
        "faithfulness": 0.7380952380952381,
        "answer_relevancy": 0.9816099592241564
      },
      "per_intent": [
        {
          "intent": "unknown",
          "sample_count": 3,
          "context_precision": 0.16666666665,
          "context_recall": 0.6666666666666666,
          "faithfulness": 0.7380952380952381,
          "answer_relevancy": 0.9816099592241564
        }
      ]
    }
  },
  "summary": {
    "datasets_evaluated": 1,
    "average_metrics": {
      "context_precision": 0.16666666665,
      "context_recall": 0.6666666666666666,
      "faithfulness": 0.7380952380952381,
      "answer_relevancy": 0.9816099592241564
    }
  }
}