{
  "timestamp": "2026-01-14T21:16:41.125107",
  "total_documents": 3,
  "successful": 3,
  "failed": 0,
  "total_time_ms": 209537,
  "total_characters": 10469,
  "avg_time_ms": 69845.66666666667
}